{
  "BK": {
    "a": 0.16401687728261047,
    "sigma": 0.4650775516000004
  },
  "CIR": {
    "k": 1.0,
    "r0": 0.04399720843823716,
    "sigma": 0.03289454682837669,
    "theta": 0.031317784303959414
  },
  "HW": {
    "a": 0.005636020012504716,
    "sigma": 0.008123320720998412
  }
}